nombre,link,direccion,tipo,categoria,telefono,email
ABRAMAR VIAJES,https://www.turismo.gal/recurso/-/detalle/4554/abramar-viajes-?langId=es_ES&tp=73&ctre=153,"Reconquista, nº 3 36201 Vigo - Pontevedra",Agencia de viajes,,986 44 70 60,abramar@abramar.com
ADEMAR VIAJES,https://www.turismo.gal/recurso/-/detalle/33594/ademar-viajes?langId=es_ES&tp=73&ctre=153,"DOUTOR CARRACIDO, 31 36205 Vigo - Pontevedra",Agencia de viajes,,+34 986 135 913,ademarviajes@gruposercom.com
AGENCIA MAS VIAJES,https://www.turismo.gal/recurso/-/detalle/230310000215/agencia-mas-viajes?langId=es_ES&tp=73&ctre=153,"Calle Progreso, 81 - Edificio Plaza, nº 81 - Bloque II 36960 Sanxenxo - Pontevedra",Agencia de viajes,,,cmiriamgomez@hotmail.com
AGENCIA SANVITUR,https://www.turismo.gal/recurso/-/detalle/220103000002/agencia-sanvitur?langId=es_ES&tp=73&ctre=153,,Agencia de viajes,,,INFO@CAMPINGPLAYAPAISAXE.COM
ALOJATE SALNES,https://www.turismo.gal/recurso/-/detalle/220505000107/alojate-salnes?langId=es_ES&tp=73&ctre=153,,Agencia de viajes,,,info@alojatesalnes.es
ALWAYS SPAIN INCOMING,https://www.turismo.gal/recurso/-/detalle/231204000018/always-spain-incoming?langId=es_ES&tp=73&ctre=153,,Agencia de viajes,,,beni@alwaysspainincoming.com
AMA VIAJES,https://www.turismo.gal/recurso/-/detalle/4563/ama-viajes?langId=es_ES&tp=73&ctre=153,"URUGUAY, nº 8 36201 Vigo - Pontevedra",Agencia de viajes,,+34 986 447 575,ISABEL@AMAVIAJES.COM
ANANDA HOLIDAYS,https://www.turismo.gal/recurso/-/detalle/171221000086/ananda-holidays?langId=es_ES&tp=73&ctre=153,,Agencia de viajes,,,info@anandaholidays.com
AS NEVES LINEATOURS,https://www.turismo.gal/recurso/-/detalle/220701000008/as-neves-lineatours?langId=es_ES&tp=73&ctre=153,,Agencia de viajes,,,
AXIA TRAVEL,https://www.turismo.gal/recurso/-/detalle/190506000037/axia-travel?langId=es_ES&tp=73&ctre=153,,Agencia de viajes,,,info@axiatravel.es
AYUKO TOUR,https://www.turismo.gal/recurso/-/detalle/180302000013/ayuko-tour?langId=es_ES&tp=73&ctre=153,,Agencia de viajes,,+34 686 654 060,info@ayukoaventura.com
AZOR TURISMO Y EVENTOS,https://www.turismo.gal/recurso/-/detalle/201203000024/azor-turismo-y-eventos?langId=es_ES&tp=73&ctre=153,,Agencia de viajes,,+34 910 605 057,info@azoreventos.es
B TRAVEL,https://www.turismo.gal/recurso/-/detalle/250225000392/b-travel?langId=es_ES&tp=73&ctre=153,"Calle Luis Vidal Rocha, nº 3 36960 Sanxenxo - Pontevedra",Agencia de viajes,,,sanxenxo@btravel.com
B TRAVEL,https://www.turismo.gal/recurso/-/detalle/274955422/b-travel?langId=es_ES&tp=73&ctre=153,"GRAN VIA, nº 31 36211 Pontevedra - Pontevedra",Agencia de viajes,,,vgo-granvia@bthetravelbrand.com
B TRAVEL,https://www.turismo.gal/recurso/-/detalle/280378712/b-travel?langId=es_ES&tp=73&ctre=153,"MANUEL ALVAREZ - andar B letra IZQ, nº 12 36780 A Guarda - Pontevedra",Agencia de viajes,,,
B TRAVEL,https://www.turismo.gal/recurso/-/detalle/280378872/b-travel?langId=es_ES&tp=73&ctre=153,"ALVARO CUNQUEIRO, nº 17 36211 Pontevedra - Pontevedra",Agencia de viajes,,,
B TRAVEL,https://www.turismo.gal/recurso/-/detalle/280379514/b-travel?langId=es_ES&tp=73&ctre=153,"Uruguay, nº 31 36201 Vigo - Pontevedra",Agencia de viajes,,+34 986 266 536,vgo-alcaldegregorioespino@bthetravelbrand.com
B TRAVEL,https://www.turismo.gal/recurso/-/detalle/280379515/b-travel?langId=es_ES&tp=73&ctre=153,Compostela esquina Ourense 36700 Tui - Pontevedra,Agencia de viajes,,+34 986 603 518,tui1742@bthetravelbrand.com
B TRAVEL,https://www.turismo.gal/recurso/-/detalle/280379536/b-travel?langId=es_ES&tp=73&ctre=153,"MENDEZ NUÑEZ, nº 27 36940 Cangas - Pontevedra",Agencia de viajes,,,cangasdomorrazo@bthetravelbrand.com
B TRAVEL,https://www.turismo.gal/recurso/-/detalle/280379572/b-travel?langId=es_ES&tp=73&ctre=153,"RAMIRANES, nº 2 36400 O Porriño - Pontevedra",Agencia de viajes,,,
B TRAVEL,https://www.turismo.gal/recurso/-/detalle/28835/b-travel?langId=es_ES&tp=73&ctre=153,"ALCALDE DANIEL OJEA, nº 3 36860 Ponteareas - Pontevedra",Agencia de viajes,,,
B TRAVEL,https://www.turismo.gal/recurso/-/detalle/4282/b-travel?langId=es_ES&tp=73&ctre=153,"ARAPILES, nº 4 36600 Vilagarcía de Arousa - Pontevedra",Agencia de viajes,,,
B TRAVEL,https://www.turismo.gal/recurso/-/detalle/xg-po-000032/b-travel?langId=es_ES&tp=73&ctre=153,"MARQUES DE VALLADARES, nº 4 36201 Vigo - Pontevedra",Agencia de viajes,,+34 986 469 202,vigo-marques@bthetravelbrand.com
BACK TRAVEL,https://www.turismo.gal/recurso/-/detalle/250117000170/back-travel?langId=es_ES&tp=73&ctre=153,,Agencia de viajes,,,booking@backtravel.biz
BALUMA TRAVEL,https://www.turismo.gal/recurso/-/detalle/22129/baluma-travel?langId=es_ES&tp=73&ctre=153,"RÚA EDUARDO PONDAL, 3 - BAIXO 36630 Cambados - Pontevedra",Agencia de viajes,,+34 986 531 907,viajes@balumatravel.com
BESPOKE SENSES,https://www.turismo.gal/recurso/-/detalle/280382072/bespoke-senses?langId=es_ES&tp=73&ctre=153,,Agencia de viajes,,,administracion@bespokesenses.com
BIKOTRAVEL,https://www.turismo.gal/recurso/-/detalle/230315000321/bikotravel?langId=es_ES&tp=73&ctre=153,,Agencia de viajes,,,PANTXI@PROTONMAIL.COM
BIVES TOUR AGENCIA DE VIAJES,https://www.turismo.gal/recurso/-/detalle/xg-po-000246/bives-tour-agencia-de-viajes?langId=es_ES&tp=73&ctre=153,"Praza de Compostela, nº 4 36203 Vigo - Pontevedra",Agencia de viajes,,+34 986 446 262,
BIVESTOUR,https://www.turismo.gal/recurso/-/detalle/xg-po-000004/bivestour-?langId=es_ES&tp=73&ctre=153,"Calle Padre Don Rúa - Esq Bolivia, nº 10 36203 Vigo - Pontevedra",Agencia de viajes,,+34 986 414 488,informacion@bivestour.com
BLUSCUS TURISMO MARINERO,https://www.turismo.gal/recurso/-/detalle/220121000130/bluscus-turismo-marinero?langId=es_ES&tp=73&ctre=153,,Agencia de viajes,,,MARINO@BLUSCUS.ES
BOAVILA VIAXES,https://www.turismo.gal/recurso/-/detalle/181116000136/boavila-viaxes?langId=es_ES&tp=73&ctre=153,"Oliva, nº 33 36001 Pontevedra - Pontevedra",Agencia de viajes,,+34 689 706 483,boavilaviaxes@gmail.com
BOAVILA VIAXES,https://www.turismo.gal/recurso/-/detalle/220112000049/boavila-viaxes?langId=es_ES&tp=73&ctre=153,"Calle García Barbón, nº 63 36203 Vigo - Pontevedra",Agencia de viajes,,+34 886 905 069,mc.segade@boavilaviaxes.es
BODEGA TRAVEL,https://www.turismo.gal/recurso/-/detalle/230213000178/bodega-travel?langId=es_ES&tp=73&ctre=153,,Agencia de viajes,,,info@bodegatravel.com
BONOS BIENESTAR,https://www.turismo.gal/recurso/-/detalle/210531000752/bonos-bienestar?langId=es_ES&tp=73&ctre=153,,Agencia de viajes,,,info@vouxers.com
BOOTS&GRAPES TOURS,https://www.turismo.gal/recurso/-/detalle/280382453/boots-grapes-tours?langId=es_ES&tp=73&ctre=153,,Agencia de viajes,,,tours@bootsandgrapestours.com
BREATHINGALICIA.,https://www.turismo.gal/recurso/-/detalle/190207000056/breathingalicia.?langId=es_ES&tp=73&ctre=153,,Agencia de viajes,,,hello@breathingalicia.com
BRUXAS TRAVEL,https://www.turismo.gal/recurso/-/detalle/xg-po-000431/bruxas-travel?langId=es_ES&tp=73&ctre=153,,Agencia de viajes,,+34 615 420 100,
BUYDEAL,https://www.turismo.gal/recurso/-/detalle/161020000050/buydeal?langId=es_ES&tp=73&ctre=153,,Agencia de viajes,,+34 678 634 273,INFO@BUYDEAL.ES
CAMINO COMPANIONS,https://www.turismo.gal/recurso/-/detalle/250314000247/camino-companions?langId=es_ES&tp=73&ctre=153,,Agencia de viajes,,,
CAMINO EN KAYAK,https://www.turismo.gal/recurso/-/detalle/210607000187/camino-en-kayak?langId=es_ES&tp=73&ctre=153,,Agencia de viajes,,,
CAMINO SANTIAGO A CABALLO CAMINOS GALICIA,https://www.turismo.gal/recurso/-/detalle/220720000425/camino-santiago-a-caballo-caminos-galicia?langId=es_ES&tp=73&ctre=153,,Agencia de viajes,,,caminosgalicia@hotmail.com
CASTILLO DE SOUTOMAIOR,https://www.turismo.gal/recurso/-/detalle/15956/castillo-de-soutomaior?langId=es_ES&tp=26&ctre=186,"Castillo de Soutomaior, s/n 36691 Soutomaior - Pontevedra",Instalaciones especiales,,+34 986 705 105,info@hotelpousadadelcastillo.com
CELTIC VIAJES,https://www.turismo.gal/recurso/-/detalle/xg-po-000448/celtic-viajes-?langId=es_ES&tp=73&ctre=153,"Porto do Rio, nº 19 36650 Caldas de Reis - Pontevedra",Agencia de viajes,,+34 986 540 274,
CELTRAVEL,https://www.turismo.gal/recurso/-/detalle/5637/celtravel?langId=es_ES&tp=73&ctre=153,"Avenida AVENIDA DE MADRID, 6 , nº 6 36630 Cambados - Pontevedra",Agencia de viajes,,+34 986 524 445,reservas@celtravel.es
CLAE VIAJES,https://www.turismo.gal/recurso/-/detalle/280377270/clae-viajes?langId=es_ES&tp=73&ctre=153,"Calle Doctor Tourón (Viveiro de empresas 11), nº 46 36600 Vilagarcía de Arousa - Pontevedra",Agencia de viajes,,+34 986 510 362,claeviajes@clickviaja.com
CN TRAVEL,https://www.turismo.gal/recurso/-/detalle/11316/cn-travel?langId=es_ES&tp=73&ctre=153,"Calle Vinquiño, nº 26 36960 Sanxenxo - Pontevedra",Agencia de viajes,,+34 986 690 490,COMUNICACION@CNTRAVEL.ES
CONVENTO DE VILAVELLA,https://www.turismo.gal/recurso/-/detalle/32849/convento-de-vilavella?langId=es_ES&tp=26&ctre=186,"Plaza de Ponteareas, 15 36700 Redondela - Pontevedra",Instalaciones especiales,,+34 986 408 165,info@hotelpousadadelcastillo.com
CORVERA VIAJES,https://www.turismo.gal/recurso/-/detalle/278518244/corvera-viajes?langId=es_ES&tp=73&ctre=153,"MÉNDEZ NÚÑEZ, 37 36910 Marín - Pontevedra",Agencia de viajes,,+34 986 891 594,viajescorvera@gmail.com
COSTA ATLÁNTICA VIAJES,https://www.turismo.gal/recurso/-/detalle/33435/costa-atlantica-viajes?langId=es_ES&tp=73&ctre=153,"Calle Brasilino Álvarez , nº 13 36780 A Guarda - Pontevedra",Agencia de viajes,,+34 986 612 554,grupos@costaatlanticaviajes.com
DDG DISFRUTANDO DE GALICIA,https://www.turismo.gal/recurso/-/detalle/190917000098/ddg-disfrutando-de-galicia?langId=es_ES&tp=73&ctre=153,,Agencia de viajes,,986 16 92 43,info@disfrutandodegalicia.com
DISCOVER GALICIA,https://www.turismo.gal/recurso/-/detalle/280383252/discover-galicia?langId=es_ES&tp=73&ctre=153,,Agencia de viajes,,+34 645 929 766,discovergalicia@gmail.com
DMC SOLOGRUPOS,https://www.turismo.gal/recurso/-/detalle/230803000063/dmc-sologrupos?langId=es_ES&tp=73&ctre=153,"Alameda, nº 16 36001 Pontevedra - Pontevedra",Agencia de viajes,,,marta@gtcconsultores.es
E&W DESTINATION EXPERTS SL,https://www.turismo.gal/recurso/-/detalle/220505000104/e-w-destination-experts-sl?langId=es_ES&tp=73&ctre=153,,Agencia de viajes,,,info@eatandwalkabout.com
EATOUR SPECIALIST,https://www.turismo.gal/recurso/-/detalle/280378873/eatour-specialist?langId=es_ES&tp=73&ctre=153,"Calle Marqués de Valladares, 14 - 4ª 3 36201 Vigo - Pontevedra",Agencia de viajes,,+34 986 221 399,tours@eatourspecialist.com
ED EUROPA DESTINOS,https://www.turismo.gal/recurso/-/detalle/190416000283/ed-europa-destinos?langId=es_ES&tp=73&ctre=153,,Agencia de viajes,,,admin@europadestinos.com
EL MUNDO YOURWAY,https://www.turismo.gal/recurso/-/detalle/277294830/el-mundo-yourway?langId=es_ES&tp=73&ctre=153,,Agencia de viajes,,,info@elmundoyourway.com
EL SALÓN DE TUS VIAJES,https://www.turismo.gal/recurso/-/detalle/280380838/el-salon-de-tus-viajes?langId=es_ES&tp=73&ctre=153,"Calle Edelmiro Trillo, 10 , nº 10 36600 Vilagarcía de Arousa - Pontevedra",Agencia de viajes,,+34 986 185 995,info@elsalondetusviajes.com
"ELSON TOURS, SL",https://www.turismo.gal/recurso/-/detalle/xg-po-000205/elson-tours-sl?langId=es_ES&tp=73&ctre=153,"PIZARRO, 73-BAIXO-LOCAL 10 36204 Vigo - Pontevedra",Agencia de viajes,,,
EMBARCATE CON VIGO,https://www.turismo.gal/recurso/-/detalle/210810000339/embarcate-con-vigo?langId=es_ES&tp=73&ctre=153,"Xeneral Rubín, nº 4 36800 Redondela - Pontevedra",Agencia de viajes,,,viajes@embarcateconvigo.com
EMOTIONS TRAVEL & ESCAPES,https://www.turismo.gal/recurso/-/detalle/171109000054/emotions-travel-escapes?langId=es_ES&tp=73&ctre=153,,Agencia de viajes,,+34 650 209 296,luzxom@gmail.com
ENSTEC ENCUENTROS SOCIALES Y TÉCNICOS,https://www.turismo.gal/recurso/-/detalle/151116000026/enstec-encuentros-sociales-y-tecnicos?langId=es_ES&tp=73&ctre=153,,Agencia de viajes,,+34 665 177 285,administracion@enstec.es
EROSKI BIDAIAK SA,https://www.turismo.gal/recurso/-/detalle/210211000042/eroski-bidaiak-sa?langId=es_ES&tp=73&ctre=153,"Rosalía de Castro, nº 1 36001 Pontevedra - Pontevedra",Agencia de viajes,,+34 986 075 680,v2697@viajeseroski.es
EROSKI BIDAIAK SA,https://www.turismo.gal/recurso/-/detalle/xg-po-000120/eroski-bidaiak-sa?langId=es_ES&tp=73&ctre=153,"Travesia de Vigo , nº 48 36206 Vigo - Pontevedra",Agencia de viajes,,+34 986 281 786,
"EROSKI BIDAIAK, SA",https://www.turismo.gal/recurso/-/detalle/15874/eroski-bidaiak-sa?langId=es_ES&tp=73&ctre=153,"Avda. Galicia, nº 6 36780 A Guarda - Pontevedra",Agencia de viajes,,+34 986 611 560,s2432@eroski.es
"EROSKI BIDAIAK, SA",https://www.turismo.gal/recurso/-/detalle/16132/eroski-bidaiak-sa?langId=es_ES&tp=73&ctre=153,"Mendez Nuñez, nº 1 36940 Cangas - Pontevedra",Agencia de viajes,,+34 986 303 870,s2432@eroski.es
EXCURSIONES FRAN,https://www.turismo.gal/recurso/-/detalle/240205000040/excursiones-fran?langId=es_ES&tp=73&ctre=153,,Agencia de viajes,,,
EXCURSIONES Y VIAJES VIGO,https://www.turismo.gal/recurso/-/detalle/240718000361/excursiones-y-viajes-vigo?langId=es_ES&tp=73&ctre=153,,Agencia de viajes,,,turisticasdevigo@hotmail.com
FANCY TRAVEL 16,https://www.turismo.gal/recurso/-/detalle/220923000441/fancy-travel-16?langId=es_ES&tp=73&ctre=153,,Agencia de viajes,,,info@fancytravel16.com
FERIA INTERNACIONAL DE GALICIA,https://www.turismo.gal/recurso/-/detalle/15952/feria-internacional-de-galicia?langId=es_ES&tp=95&ctre=187,"Recinto Ferial, s/n 36540 Silleda - Pontevedra",Grandes Recintos,Otros,+34 986 577 000,congresos@feiragalicia.com
FEXDEGA,https://www.turismo.gal/recurso/-/detalle/17429/fexdega?langId=es_ES&tp=95&ctre=187,"Finca A Maroma, s/n 36600 Vilagarcía de Arousa - Pontevedra",Grandes Recintos,Otros,+34 986 566 012,fexdega@fexdega.es
FOG TRAVEL,https://www.turismo.gal/recurso/-/detalle/269394641/fog-travel?langId=es_ES&tp=73&ctre=153,"Calle Vicente Sobrino, nº 18 36780 A Guarda - Pontevedra",Agencia de viajes,,+34 986 472 947,info@fogtravel.com
GALEGRÍA VIAJES Y EXPERIENCIAS,https://www.turismo.gal/recurso/-/detalle/190409000132/galegria-viajes-y-experiencias?langId=es_ES&tp=73&ctre=153,,Agencia de viajes,,,info@galegriaviajes.com
"GALICIA EXPRESS, S.A.",https://www.turismo.gal/recurso/-/detalle/273/galicia-express-s.a.?langId=es_ES&tp=73&ctre=153,"R/ ROSALÍA DE CASTRO, Nº 1 36930 Bueu - Pontevedra",Agencia de viajes,,+34 986 321 375,agenciaviajes@galiciaexpress.e.telefonica.net
GALICIA HOLIDAY,https://www.turismo.gal/recurso/-/detalle/221110000123/galicia-holiday?langId=es_ES&tp=73&ctre=153,,Agencia de viajes,,,galiciaholiday@gmail.com
GALICIA ORIGINAL TOURS,https://www.turismo.gal/recurso/-/detalle/250226000429/galicia-original-tours?langId=es_ES&tp=73&ctre=153,,Agencia de viajes,,,info@galiciaoriginal.com
GALICIA WALKING FESTIVAL,https://www.turismo.gal/recurso/-/detalle/200225000382/galicia-walking-festival?langId=es_ES&tp=73&ctre=153,,Agencia de viajes,,,info@galiciawalkingfestival.com
GALISACRA ESPJ,https://www.turismo.gal/recurso/-/detalle/220726000660/galisacra-espj?langId=es_ES&tp=73&ctre=153,,Agencia de viajes,,+34 621 206 777,INFO@GALISACRA.COM
GALITRAVEL,https://www.turismo.gal/recurso/-/detalle/230412000150/galitravel?langId=es_ES&tp=73&ctre=153,"Gutiérrez Mellado, nº 12 36001 Pontevedra - Pontevedra",Agencia de viajes,,,viajesgalitravel@gmail.com
GALIWONDERS,https://www.turismo.gal/recurso/-/detalle/230705000055/galiwonders?langId=es_ES&tp=73&ctre=153,,Agencia de viajes,,,info@galiwonders.com
GASPAR & SUAREZ TRAVELS AND LUXURY EXPERIENCES,https://www.turismo.gal/recurso/-/detalle/220706000138/gaspar-suarez-travels-and-luxury-experiences?langId=es_ES&tp=73&ctre=153,,Agencia de viajes,,,
GESTORIA BOWIE,https://www.turismo.gal/recurso/-/detalle/230912000224/gestoria-bowie?langId=es_ES&tp=73&ctre=153,"Rúa Nova do Couso, nº 10 36770 O Rosal - Pontevedra",Agencia de viajes,,,VIAJES@GESTORIABOWIEVIAJES.COM
GREEN CARIBE TRAVELS,https://www.turismo.gal/recurso/-/detalle/220527000594/green-caribe-travels?langId=es_ES&tp=73&ctre=153,,Agencia de viajes,,+34 646 479 063,naturalmentecubaviajes@gmail.com
HALCON VIAJES,https://www.turismo.gal/recurso/-/detalle/4555/halcon-viajes?langId=es_ES&tp=73&ctre=153,"CARABELA PINTA, nº 8 36300 Baiona - Pontevedra",Agencia de viajes,,+34 986 355 795,baiona@halconviajes.com
HALCÓN VIAJES,https://www.turismo.gal/recurso/-/detalle/xg-po-000061/halcon-viajes?langId=es_ES&tp=73&ctre=153,"RÚA GREGORIO ESPINO, 27 36205 Vigo - Pontevedra",Agencia de viajes,,,
HALCONVIAJES.COM,https://www.turismo.gal/recurso/-/detalle/xg-po-000360/halconviajes.com?langId=es_ES&tp=73&ctre=153,"GARCIA BARBON, nº 49 36201 Vigo - Pontevedra",Agencia de viajes,,+34 986 125 615,
INMOTRAVEL,https://www.turismo.gal/recurso/-/detalle/181221000190/inmotravel?langId=es_ES&tp=73&ctre=153,"Estrada da Lanzada , nº 22 36970 Sanxenxo - Pontevedra",Agencia de viajes,,,emilio.camina@yahoo.es
INSTITUTO FERIAL DE VIGO-IFEVI,https://www.turismo.gal/recurso/-/detalle/15955/instituto-ferial-de-vigo-ifevi?langId=es_ES&tp=95&ctre=187,"Avda. do Aeroporto, 772 36318 Vigo - Pontevedra",Grandes Recintos,Otros,+34 986 486 144,info@ifevi.com
INVICTUS TRAVEL,https://www.turismo.gal/recurso/-/detalle/170310000050/invictus-travel?langId=es_ES&tp=73&ctre=153,,Agencia de viajes,,,info@invictustravel.es
IR E VIR VIAXES NPN,https://www.turismo.gal/recurso/-/detalle/160310000043/ir-e-vir-viaxes-npn?langId=es_ES&tp=73&ctre=153,"Ponte Dena, 14 baixo 2 36967 Meaño - Pontevedra",Agencia de viajes,,+34 886 164 850,info@irevirviaxes.com
ITINERARI 3 S,https://www.turismo.gal/recurso/-/detalle/240321000397/itinerari-3-s?langId=es_ES&tp=73&ctre=153,,Agencia de viajes,,,eva@innovatur.es
LA TOJA TRAVEL,https://www.turismo.gal/recurso/-/detalle/xg-po-000405/la-toja-travel?langId=es_ES&tp=73&ctre=153,RÚA PERALTO A Nº 34 (HOTEL NORAT) 0 O Grove - Pontevedra,Agencia de viajes,,,
LECERTOUR VIAXES,https://www.turismo.gal/recurso/-/detalle/15875/lecertour-viaxes?langId=es_ES&tp=73&ctre=153,"RÚA SALAMANCA, 13 , nº 13 36211 Vigo - Pontevedra",Agencia de viajes,,+34 986 493 200,MARCOSGONZALEZBLANCO2@GMAIL.COM
LIBERTRAVEL,https://www.turismo.gal/recurso/-/detalle/160831000099/libertravel?langId=es_ES&tp=73&ctre=153,,Agencia de viajes,,+34 698 150 701,elisa.ramos@libertravel.es
LIBERTYTRAVEL,https://www.turismo.gal/recurso/-/detalle/220808000083/libertytravel?langId=es_ES&tp=73&ctre=153,"Morales Hidalgo, nº 4 36860 Ponteareas - Pontevedra",Agencia de viajes,,,
LOCOS POR IR A CUBA,https://www.turismo.gal/recurso/-/detalle/240718000358/locos-por-ir-a-cuba?langId=es_ES&tp=73&ctre=153,,Agencia de viajes,,,yusi@locosporiracuba.com
LOS VIAJES DE HUNO,https://www.turismo.gal/recurso/-/detalle/210818000417/los-viajes-de-huno?langId=es_ES&tp=73&ctre=153,"JOAQUIN COSTA, nº 7-9 36001 Pontevedra - Pontevedra",Agencia de viajes,,,info@losviajesdehuno.com
LOVIAJAMOS,https://www.turismo.gal/recurso/-/detalle/231219000208/loviajamos?langId=es_ES&tp=73&ctre=153,,Agencia de viajes,,,info@loviajamos.com
MAR DE VIGO,https://www.turismo.gal/recurso/-/detalle/170317000103/mar-de-vigo?langId=es_ES&tp=32&ctre=185,"Avenida Beiramar, nº 59 36202 Vigo - Pontevedra",Palacio de congresos,,986 137 940,info@auditoriomardevigo.com
MEDIVIERTO.COM,https://www.turismo.gal/recurso/-/detalle/170310000053/medivierto.com?langId=es_ES&tp=73&ctre=153,,Agencia de viajes,,,medivierto.om@gmail.com
MIS VIAJES CON PANCHO,https://www.turismo.gal/recurso/-/detalle/181211000061/mis-viajes-con-pancho?langId=es_ES&tp=73&ctre=153,"Calle Joaquín Costa, nº 10 36001 Pontevedra - Pontevedra",Agencia de viajes,,+34 986 956 683,info@misviajesconpancho.com
MIS VIAJES WEB,https://www.turismo.gal/recurso/-/detalle/280383255/mis-viajes-web?langId=es_ES&tp=73&ctre=153,,Agencia de viajes,,+34 698 184 718,misviajesweb@gmail.com
MOUNTAINPICS ADVENTURES,https://www.turismo.gal/recurso/-/detalle/230104000018/mountainpics-adventures?langId=es_ES&tp=73&ctre=153,,Agencia de viajes,,,info@mountainpablo.es
MUNDENEA EXPLORA NUEVOS MUNDOS,https://www.turismo.gal/recurso/-/detalle/11150/mundenea-explora-nuevos-mundos?langId=es_ES&tp=73&ctre=153,,Agencia de viajes,,+34 986 393 948,VACACIONES_RIA@YAHOO.ES
NAMORARTE,https://www.turismo.gal/recurso/-/detalle/181126000255/namorarte?langId=es_ES&tp=73&ctre=153,,Agencia de viajes,,,info@namorarte.gal
NAUTALIA VIAJES,https://www.turismo.gal/recurso/-/detalle/171221000088/nautalia-viajes?langId=es_ES&tp=73&ctre=153,"Calle Arzobispo Andrade, nº 2 36600 Vilagarcía de Arousa - Pontevedra",Agencia de viajes,,+34 986 197 543,0538@nautaliaviajes.es
NAUTALIA VIAJES,https://www.turismo.gal/recurso/-/detalle/277310408/nautalia-viajes?langId=es_ES&tp=73&ctre=153,"GRAN VÍA, 37 0 Vigo - Pontevedra",Agencia de viajes,,+34 986 190 762,0521@nautaliaviajes.es
NORTH WEST OF SPAIN,https://www.turismo.gal/recurso/-/detalle/181218000154/north-west-of-spain?langId=es_ES&tp=73&ctre=153,,Agencia de viajes,,,
NSTRAVEL,https://www.turismo.gal/recurso/-/detalle/220110000019/nstravel?langId=es_ES&tp=73&ctre=153,"JUAN XXIII, nº 63 36980 O Grove - Pontevedra",Agencia de viajes,,+34 886 293 365,info@nstravelers.es
NUOVA TRAVEL,https://www.turismo.gal/recurso/-/detalle/170502000007/nuova-travel?langId=es_ES&tp=73&ctre=153,"Calle Alhondiga, nº 2 36650 Caldas de Reis - Pontevedra",Agencia de viajes,,+34 986 540 817,info@nuovatravel.es
ONLY DREAMS VIAXES,https://www.turismo.gal/recurso/-/detalle/160317000110/only-dreams-viaxes?langId=es_ES&tp=73&ctre=153,"Calle Albarrán, 8-1º 36613 Vilagarcía de Arousa - Pontevedra",Agencia de viajes,,,info@onlydreams.es
ONTDEKGALICIË,https://www.turismo.gal/recurso/-/detalle/190325000238/ontdekgalicie-?langId=es_ES&tp=73&ctre=153,,Agencia de viajes,,,jorgeseren25@gmail.com
OTR VIAJES,https://www.turismo.gal/recurso/-/detalle/181213000104/otr-viajes?langId=es_ES&tp=73&ctre=153,,Agencia de viajes,,,info@overtherainbow.es
PALACIO DE CONGRESOS Y EXPOSICIONES DE PONTEVEDRA,https://www.turismo.gal/recurso/-/detalle/15950/palacio-de-congresos-y-exposiciones-de-pontevedra?langId=es_ES&tp=32&ctre=185,"Alexandre Bóveda, s/n 36005 Pontevedra - Pontevedra",Palacio de congresos,,+34 986 833 061,coordinación@pazodacultura.org
PASAPORTE XPLORA,https://www.turismo.gal/recurso/-/detalle/231010000183/pasaporte-xplora?langId=es_ES&tp=73&ctre=153,"Calle das Pontes (Parque empresarial Porto do Molle), nº 2 36350 Nigrán - Pontevedra",Agencia de viajes,,,info@pasaportexplora.com
PAZO DA PEDREIRA,https://www.turismo.gal/recurso/-/detalle/32847/pazo-da-pedreira?langId=es_ES&tp=26&ctre=186,36636 Ribadumia - Pontevedra,Instalaciones especiales,,+34 986 718 494,pazopedreira@wanadoo.es
PAZO DE FEFIÑÁNS,https://www.turismo.gal/recurso/-/detalle/32848/pazo-de-fefinans?langId=es_ES&tp=26&ctre=186,Praza de Fefiñáns 36630 Cambados - Pontevedra,Instalaciones especiales,,+34 986 524 877,info@pazodefefinans.com
PAZO DE OCA,https://www.turismo.gal/recurso/-/detalle/15958/pazo-de-oca?langId=es_ES&tp=26&ctre=186,Fund. Casa Ducal Medinacelli 36685 A Estrada - Pontevedra,Instalaciones especiales,,+34 954 225 055 / +34 986 587 435,
PAZO DE RUBIÁNS,https://www.turismo.gal/recurso/-/detalle/15953/pazo-de-rubians?langId=es_ES&tp=26&ctre=186,"Rúa do Pazo, 7 36619 Vilagarcía de Arousa - Pontevedra",Instalaciones especiales,,+34 986 507 422,pazoderubianes@terra.es
PAZO DE SEÑORÁNS,https://www.turismo.gal/recurso/-/detalle/31752/pazo-de-senorans?langId=es_ES&tp=26&ctre=186,36616 Meis - Pontevedra,Instalaciones especiales,,+34 986 715 373,info@pazodesenorans.com
PAZO DE URZAIZ DE CADAVAL,https://www.turismo.gal/recurso/-/detalle/15959/pazo-de-urzaiz-de-cadaval?langId=es_ES&tp=26&ctre=186,"Rúa dos Pazos, 44 36350 Nigrán - Pontevedra",Instalaciones especiales,,+34 986 460 913,info@cateringdonpepe.com
PAZO QUINTEIRO DA CRUZ,https://www.turismo.gal/recurso/-/detalle/15960/pazo-quinteiro-da-cruz?langId=es_ES&tp=26&ctre=186,36635 Ribadumia - Pontevedra,Instalaciones especiales,,+34 619 110 806,info@pazoquinteirodacruz.es
"PÍRATE DE VIAJE, S.L.",https://www.turismo.gal/recurso/-/detalle/280274614/pirate-de-viaje-s.l.?langId=es_ES&tp=73&ctre=153,"AVENDA JOSÉ CUÍÑA 6, BAIXO 0 Lalín - Pontevedra",Agencia de viajes,,+34 986 783 732,lalin@zafirotours.es
PLAN ZERO,https://www.turismo.gal/recurso/-/detalle/230522000505/plan-zero?langId=es_ES&tp=73&ctre=153,"Rúa García Olloqui, nº 4 36201 Vigo - Pontevedra",Agencia de viajes,,,hello@planzero.es
PLANES Y TRAVEL PONTEVEDRA,https://www.turismo.gal/recurso/-/detalle/170207000030/planes-y-travel-pontevedra?langId=es_ES&tp=73&ctre=153,,Agencia de viajes,,,reservas@planesytravel.com
PLANIFICA TRAVEL,https://www.turismo.gal/recurso/-/detalle/190625000432/planifica-travel?langId=es_ES&tp=73&ctre=153,,Agencia de viajes,,,planificatravel@viajesoda.com
PONTETUR S.L.,https://www.turismo.gal/recurso/-/detalle/258574467/pontetur-s.l.?langId=es_ES&tp=73&ctre=153,,Agencia de viajes,,+34 690 841 138,pontetur@viajespontetur.com
PONTUS LINEA TOURS,https://www.turismo.gal/recurso/-/detalle/220311000209/pontus-linea-tours?langId=es_ES&tp=73&ctre=153,,Agencia de viajes,,,
PRADO TOURS,https://www.turismo.gal/recurso/-/detalle/181030000290/prado-tours?langId=es_ES&tp=73&ctre=153,"Paseo de Areosa, s/n (praia de Patos) 36350 Nigrán - Pontevedra",Agencia de viajes,,,info@pradosurfescola.com
QWAY TRAVEL,https://www.turismo.gal/recurso/-/detalle/16161/qway-travel?langId=es_ES&tp=73&ctre=153,"O Empalme, nº 11 36990 Sanxenxo - Pontevedra",Agencia de viajes,,+34 986 746 033,administracion@circuitosgalicia.com
REINA TOUR EXCURSIONES HOGAR,https://www.turismo.gal/recurso/-/detalle/220622000267/reina-tour-excursiones-hogar?langId=es_ES&tp=73&ctre=153,,Agencia de viajes,,,
REKUNCHOS,https://www.turismo.gal/recurso/-/detalle/241010000270/rekunchos?langId=es_ES&tp=73,,Agencias de viajes,,,
RUTASGALEGRIA,https://www.turismo.gal/recurso/-/detalle/241029000552/rutasgalegria?langId=es_ES&tp=73&ctre=153,,Agencia de viajes,,,grupos@galegriaviajes.com
SALVATURISMO GALICIA,https://www.turismo.gal/recurso/-/detalle/191028000307/salvaturismo-galicia?langId=es_ES&tp=73&ctre=153,"Calle Miño, nº 9 36450 Salvaterra de Miño - Pontevedra",Agencia de viajes,,+34 986182908,contratacion@salvaturismogalicia.es
SEDE AFUNDACIÓN VIGO,https://www.turismo.gal/recurso/-/detalle/31747/sede-afundacion-vigo?langId=es_ES&tp=95&ctre=187,"Calle Policarpo Sanz, nº 24-26 36202 Vigo - Pontevedra",Grandes Recintos,Otros,+34 986 120 078,socioculturales@afundacion.org
SENDERUTA,https://www.turismo.gal/recurso/-/detalle/211028000282/senderuta?langId=es_ES&tp=73&ctre=153,,Agencia de viajes,,,SENDERUTA03@GMAIL.COM
"SIMPLY TRAVEL, S.L.U.",https://www.turismo.gal/recurso/-/detalle/280382670/simply-travel-s.l.u.?langId=es_ES&tp=73&ctre=153,"Calle Justo Martínez , nº 22 36680 A Estrada - Pontevedra",Agencia de viajes,,+34 886 153 403,info@simplytravel.es
SIRENOTOUR AGENCIA DE VIAJES,https://www.turismo.gal/recurso/-/detalle/280380122/sirenotour-agencia-de-viajes?langId=es_ES&tp=73&ctre=153,"Calle Otero Pedrayo, nº 1 36880 A Cañiza - Pontevedra",Agencia de viajes,,,sirenomarviajes@gmail.com
"SOÑANDO ORGANIZACIÓN VIAJES, S.L.",https://www.turismo.gal/recurso/-/detalle/36533/sonando-organizacion-viajes-s.l.?langId=es_ES&tp=73&ctre=153,,Agencia de viajes,,+34 986 604 329,info@sonandoviajes.com
SPLAINN TRAVEL,https://www.turismo.gal/recurso/-/detalle/230329000622/splainn-travel?langId=es_ES&tp=73&ctre=153,,Agencia de viajes,,,administracion@splainn.com
SWEET TRAVEL GALLERY,https://www.turismo.gal/recurso/-/detalle/160831000101/sweet-travel-gallery?langId=es_ES&tp=73&ctre=153,,Agencia de viajes,,+34 682 607 895,info@sweettravelgallery.com
TEATRO AFUNDACIÓN VIGO,https://www.turismo.gal/recurso/-/detalle/15954/teatro-afundacion-vigo?langId=es_ES&tp=95&ctre=187,"Calle Policarpo Sansz, nº 13 36202 Vigo - Pontevedra",Grandes Recintos,Otros,+34 986 447 369,socioculturales@afundacion.org
TEATRO PRINCIPAL PONTEVEDRA,https://www.turismo.gal/recurso/-/detalle/15951/teatro-principal-pontevedra?langId=es_ES&tp=95&ctre=187,"Charino, s/n 36001 Pontevedra - Pontevedra",Grandes Recintos,Otros,+34 986 851 932,coordinación@pazodacultura.org
TEE TRAVEL,https://www.turismo.gal/recurso/-/detalle/17094/tee-travel?langId=es_ES&tp=73&ctre=153,"RÚA AGUSTÍN ROMERO, 50 36600 Vilagarcía de Arousa - Pontevedra",Agencia de viajes,,+34 986 565 026,info@tee-travel.com
TERRA VIAXES,https://www.turismo.gal/recurso/-/detalle/280376112/terra-viaxes?langId=es_ES&tp=73&ctre=153,"JAVIER PUIG LLAMAS, 7 BAIXO 36001 Pontevedra - Pontevedra",Agencia de viajes,,+34 986 845 623,erikapsenra@hotmail.com
THE ASIAN CONTINENT,https://www.turismo.gal/recurso/-/detalle/279799427/the-asian-continent?langId=es_ES&tp=73&ctre=153,"AREAL, nº 42 36201 Vigo - Pontevedra",Agencia de viajes,,+34 986 443 322,bpozo@theasiancontinent.com
THE MOOD TRAVEL,https://www.turismo.gal/recurso/-/detalle/240416000294/the-mood-travel?langId=es_ES&tp=73&ctre=153,"Calle Alvaro Cunqueiro, nº 24 36211 Vigo - Pontevedra",Agencia de viajes,,,INFO@THEMOODTRAVEL.COM
THE VIP TOURS,https://www.turismo.gal/recurso/-/detalle/190911000055/the-vip-tours?langId=es_ES&tp=73&ctre=153,,Agencia de viajes,,,leandrogaldinodossantos@gmail.com
TIEMPOVIAJE BY TOURISTIMES,https://www.turismo.gal/recurso/-/detalle/180226000259/tiempoviaje-by-touristimes?langId=es_ES&tp=73&ctre=153,,Agencia de viajes,,,info@tiempoviaje.com
TINTILAN,https://www.turismo.gal/recurso/-/detalle/240226000444/tintilan?langId=es_ES&tp=73&ctre=153,,Agencia de viajes,,,info@tintilan.es
TOUR SPAIN TRAVEL,https://www.turismo.gal/recurso/-/detalle/280383254/tour-spain-travel-?langId=es_ES&tp=73&ctre=153,"Avenida do Outeiro, nº 20 36995 Poio - Pontevedra",Agencia de viajes,,+34 986 729 900,LABORAL@LABORSENN.ES
TRAVELVIGO,https://www.turismo.gal/recurso/-/detalle/277294823/travelvigo?langId=es_ES&tp=73&ctre=153,RUA LEÓN 17 BAIXO 0 Vigo - Pontevedra,Agencia de viajes,,+34 886 142 908,reservas@travelvigo.com
TRIP LOVERS,https://www.turismo.gal/recurso/-/detalle/240424000465/trip-lovers?langId=es_ES&tp=73&ctre=153,,Agencia de viajes,,,triploverstours@gmail.com
TROULANDA,https://www.turismo.gal/recurso/-/detalle/240904000032/troulanda?langId=es_ES&tp=73&ctre=153,,Agencia de viajes,,+34 986 415 444,hola@troulanda.com
TURATLÁNTICA VIAJES,https://www.turismo.gal/recurso/-/detalle/37638/turatlantica-viajes?langId=es_ES&tp=73&ctre=153,"AVDA. FLORIDA, 55 36210 Vigo - Pontevedra",Agencia de viajes,,+34 986 236 915,info@turatlantica.com
TURIDOVE,https://www.turismo.gal/recurso/-/detalle/210910000164/turidove?langId=es_ES&tp=73&ctre=153,,Agencia de viajes,,,administracion@turidove.com
TURISA GALICIA,https://www.turismo.gal/recurso/-/detalle/190503000014/turisa-galicia?langId=es_ES&tp=73&ctre=153,,Agencia de viajes,,,info@turisagalicia.es
TURISTEILA GROUP SL,https://www.turismo.gal/recurso/-/detalle/xg-po-000447/turisteila-group-sl?langId=es_ES&tp=73&ctre=153,,Agencia de viajes,,+34 697 220 341,
V IAJES TERMAS,https://www.turismo.gal/recurso/-/detalle/280367636/v-iajes-termas?langId=es_ES&tp=73&ctre=153,,Agencia de viajes,,+34 986 532 525,
"VÍA SOL TURS, S.L",https://www.turismo.gal/recurso/-/detalle/xg-po-000193/via-sol-turs-s.l?langId=es_ES&tp=73&ctre=153,"SANTO DOMINGO, 7 0 Vigo - Pontevedra",Agencia de viajes,,,
VIAJES 365 DÍAS,https://www.turismo.gal/recurso/-/detalle/259675555/viajes-365-dias?langId=es_ES&tp=73&ctre=153,"Sagasta, nº 16 36001 Pontevedra - Pontevedra",Agencia de viajes,,+34 661 418 636,viajes@viajes365dias.com
VIAJES 500 MILLAS,https://www.turismo.gal/recurso/-/detalle/170425000070/viajes-500-millas?langId=es_ES&tp=73&ctre=153,"Avenida de Vigo, nº 157 36320 Redondela - Pontevedra",Agencia de viajes,,+34 886 11 42 64,info@viajes500millas.com
VIAJES ABRAMAR,https://www.turismo.gal/recurso/-/detalle/28600/viajes-abramar?langId=es_ES&tp=73&ctre=153,PG. INDUSTRIAL A GRANXA- 260 LOCAL 2.7 0 O Porriño - Pontevedra,Agencia de viajes,,+34 986 342 522,porrino@abramar.com
VIAJES AGARIMO S.L,https://www.turismo.gal/recurso/-/detalle/280380791/viajes-agarimo-s.l?langId=es_ES&tp=73&ctre=153,"XENERAL RUBÍN 21, BAIXO 0 Redondela - Pontevedra",Agencia de viajes,,+34 986 125 438,
"VIAJES AIRBUS GALICIA, S.A.",https://www.turismo.gal/recurso/-/detalle/294/viajes-airbus-galicia-s.a.?langId=es_ES&tp=73&ctre=153,"PRAZA DE RIBADAVIA, 2 0 Redondela - Pontevedra",Agencia de viajes,,+34 986 401 800,isapouton@airbusgalicia.com
"VIAJES AIRBÚS GALICIA, S.A.",https://www.turismo.gal/recurso/-/detalle/9657/viajes-airbus-galicia-s.a.?langId=es_ES&tp=73&ctre=153,ROSALÍA DE CASTRO 26. OFICINA 9 0 Vigo - Pontevedra,Agencia de viajes,,+34 986 432 000,grupos@airbusgalicia.com
"VIAJES AIRBUS, S.A.",https://www.turismo.gal/recurso/-/detalle/291/viajes-airbus-s.a.?langId=es_ES&tp=73&ctre=153,"R/ PÍO XII, 9 36415 O Porriño - Pontevedra",Agencia de viajes,,+34 986 337 777,noelia@airbusgalicia.com
"VIAJES ALCOTAN, S.L.",https://www.turismo.gal/recurso/-/detalle/289/viajes-alcotan-s.l.?langId=es_ES&tp=73&ctre=153,"R/ SAN JOSÉ, 2 36001 Pontevedra - Pontevedra",Agencia de viajes,,+34 986 841 050,viajesalcotan@e-savia.net
VIAJES ALL TOUR,https://www.turismo.gal/recurso/-/detalle/324/viajes-all-tour-?langId=es_ES&tp=73&ctre=153,"DOCTOR CADAVAL, nº 39 36202 Vigo - Pontevedra",Agencia de viajes,,,eduardo@blancoyvazquezconsultores.com
"VIAJES AMAIA, S.A.",https://www.turismo.gal/recurso/-/detalle/280378542/viajes-amaia-s.a.?langId=es_ES&tp=73&ctre=153,"Avda. das Camelias, nº 134 36211 Vigo - Pontevedra",Agencia de viajes,,+34 986 214 070,vigo@viajesamaia.com
VIAJES ARANY,https://www.turismo.gal/recurso/-/detalle/32666/viajes-arany?langId=es_ES&tp=73&ctre=153,"CRUZ GALLASTEGUI, 16 GALERÍAS CENTRO AZUL 0 Pontevedra - Pontevedra",Agencia de viajes,,+34 986 102 005,viajesarany@viajesarany.com
"VIAJES AROSA, S.L.",https://www.turismo.gal/recurso/-/detalle/279/viajes-arosa-s.l.?langId=es_ES&tp=73&ctre=153,"R/ ALEXANDRE BÓVEDA, 10 36980 O Grove - Pontevedra",Agencia de viajes,,+34 986 730 961,csanmartin@e-savia.net
VIAJES BARCO,https://www.turismo.gal/recurso/-/detalle/276/viajes-barco?langId=es_ES&tp=73&ctre=153,"Calle Baiona , nº 14 36940 Cangas - Pontevedra",Agencia de viajes,,+34 986 304 543,vbarco@grupoeuropa.com
VIAJES BEIRAMAR,https://www.turismo.gal/recurso/-/detalle/29167/viajes-beiramar-?langId=es_ES&tp=73&ctre=153,"Peregrina, nº 66 36003 Pontevedra - Pontevedra",Agencia de viajes,,+34 986 840 243,viajesbeiramar@grupogea.com
VIAJES BREOGÁN,https://www.turismo.gal/recurso/-/detalle/160921000045/viajes-breogan?langId=es_ES&tp=73&ctre=153,,Agencia de viajes,,,viajes@viajesbreogan.com
VIAJES CALVITOUR,https://www.turismo.gal/recurso/-/detalle/34786/viajes-calvitour?langId=es_ES&tp=73&ctre=153,,Agencia de viajes,,+34 660 900 309 / +34 986 890 793,viajescalvitour@gruposercom.com
VIAJES CARBALLO GALICIA,https://www.turismo.gal/recurso/-/detalle/180306000052/viajes-carballo-galicia?langId=es_ES&tp=73&ctre=153,"Alejandro Cerecedo, 8B porta 34 36600 Vilagarcía de Arousa - Pontevedra",Agencia de viajes,,,viajescarballogalicia@hotmail.com
VIAJES CHICHIRICA,https://www.turismo.gal/recurso/-/detalle/35863/viajes-chichirica?langId=es_ES&tp=73&ctre=153,"XOÁN CARLOS I, 3 -B 36600 Vilagarcía de Arousa - Pontevedra",Agencia de viajes,,+34 986 186 211,
VIAJES CICELY,https://www.turismo.gal/recurso/-/detalle/270919734/viajes-cicely?langId=es_ES&tp=73&ctre=153,"PRAZA ESCULTOR XOÁN PIÑEIRO, 1 36211 Vigo - Pontevedra",Agencia de viajes,,+34 986 122 082,
"VIAJES CRISOL, S.A.",https://www.turismo.gal/recurso/-/detalle/xg-po-000237/viajes-crisol-s.a.?langId=es_ES&tp=73&ctre=153,"REPÚBLICA ARXENTINA, 16 0 Vigo - Pontevedra",Agencia de viajes,,,
"VIAJES CRISOL, S.A.",https://www.turismo.gal/recurso/-/detalle/xg-po-000293/viajes-crisol-s.a.?langId=es_ES&tp=73&ctre=153,"GRAN VIA, Nº 31 0 Vigo - Pontevedra",Agencia de viajes,,,
VIAJES DARIO,https://www.turismo.gal/recurso/-/detalle/260245757/viajes-dario?langId=es_ES&tp=73&ctre=153,"Paseo de Colón , nº 12 36002 Pontevedra - Pontevedra",Agencia de viajes,,+34 986 861 543,dario@viajesdario.com
VIAJES DESTINA VIGO,https://www.turismo.gal/recurso/-/detalle/171219000080/viajes-destina-vigo?langId=es_ES&tp=73&ctre=153,"HISPANIDAD, nº 55 36203 Vigo - Pontevedra",Agencia de viajes,,+34 986 334 138,promocioneschega@gmail.com
"VIAJES DEZA, S. L.",https://www.turismo.gal/recurso/-/detalle/15764/viajes-deza-s.-l.?langId=es_ES&tp=73&ctre=153,"RÚA ALMUIÑA, 12 36900 Marín - Pontevedra",Agencia de viajes,,+34 986 838 084,viajesdeza@viajesdeza.com
"VIAJES DEZA, S.L.",https://www.turismo.gal/recurso/-/detalle/286/viajes-deza-s.l.?langId=es_ES&tp=73&ctre=153,"Calle Michelena, nº 25 36002 Pontevedra - Pontevedra",Agencia de viajes,,+34 986 850 462,viajesdeza@viajesdeza.com
"VIAJES EL CORTE INGLÉS, S. A.",https://www.turismo.gal/recurso/-/detalle/15783/viajes-el-corte-ingles-s.-a.?langId=es_ES&tp=73&ctre=153,"PRAZA DA PEREGRINA, 1 - 1.º 36001 Pontevedra - Pontevedra",Agencia de viajes,,+34 986 848 177,pontevedra@viajeseci.es
"VIAJES EL CORTE INGLÉS, S. A.",https://www.turismo.gal/recurso/-/detalle/292/viajes-el-corte-ingles-s.-a.?langId=es_ES&tp=73&ctre=153,"RÚA RAMÓN GONZÁLEZ, 29 36400 O Porriño - Pontevedra",Agencia de viajes,,+34 986 335 534,porrino@viajeseci.es
"VIAJES EL CORTE INGLÉS, S. A.",https://www.turismo.gal/recurso/-/detalle/xg-po-000051/viajes-el-corte-ingles-s.-a.?langId=es_ES&tp=73&ctre=153,"Calle Venezuela , nº 17 36203 Vigo - Pontevedra",Agencia de viajes,,,
"VIAJES EL CORTE INGLÉS, S. A.",https://www.turismo.gal/recurso/-/detalle/xg-po-000167/viajes-el-corte-ingles-s.-a.?langId=es_ES&tp=73&ctre=153,"AVDA. DAS CAMELIAS, 119 36211 Vigo - Pontevedra",Agencia de viajes,,,
"VIAJES EL CORTE INGLÉS, S.A",https://www.turismo.gal/recurso/-/detalle/31989/viajes-el-corte-ingles-s.a?langId=es_ES&tp=73&ctre=153,"VICENTE RISCO, 1 0 Vilagarcía de Arousa - Pontevedra",Agencia de viajes,,+34 986 565 182,vilagarcia@viajeseci.es
"VIAJES EL CORTE INGLÉS, S.A.",https://www.turismo.gal/recurso/-/detalle/xg-po-000052/viajes-el-corte-ingles-s.a.?langId=es_ES&tp=73&ctre=153,"R/ GRAN VÍA, 25 36204 Vigo - Pontevedra",Agencia de viajes,,,
"VIAJES EL CORTE INGLÉS, S.A.",https://www.turismo.gal/recurso/-/detalle/xg-po-000141/viajes-el-corte-ingles-s.a.?langId=es_ES&tp=73&ctre=153,"RÚA ECUADOR, 77 36204 Vigo - Pontevedra",Agencia de viajes,,,
"VIAJES EL CORTE INGLÉS, SA",https://www.turismo.gal/recurso/-/detalle/211230000221/viajes-el-corte-ingles-sa?langId=es_ES&tp=73&ctre=153,"Estación, nº 1 36201 Vigo - Pontevedra",Agencia de viajes,,,notificaciones@elcorteingles.es
VIAJES ESTYSOL,https://www.turismo.gal/recurso/-/detalle/280381845/viajes-estysol?langId=es_ES&tp=73&ctre=153,LUGAR DE VINQUIÑO 25 36969 Sanxenxo - Pontevedra,Agencia de viajes,,+34 986 724 484,estysolgalicia@viajesestysol.c
"VIAJES FISTERRA, S.L.",https://www.turismo.gal/recurso/-/detalle/296/viajes-fisterra-s.l.?langId=es_ES&tp=73&ctre=153,"Calle Ourense (edificio Mourigada), 24 baixo 12 36960 Sanxenxo - Pontevedra",Agencia de viajes,,+34 986 724 102,info@interrias.com
VIAJES GALICIES,https://www.turismo.gal/recurso/-/detalle/191025000291/viajes-galicies?langId=es_ES&tp=73&ctre=153,,Agencia de viajes,,,info@viajesgalicies.es
VIAJES HALCÓN,https://www.turismo.gal/recurso/-/detalle/161221000040/viajes-halcon?langId=es_ES&tp=73&ctre=153,"Calle Concepción Arenal, nº 92 36950 Moaña - Pontevedra",Agencia de viajes,,,
VIAJES HALCÓN,https://www.turismo.gal/recurso/-/detalle/261055377/viajes-halcon?langId=es_ES&tp=73&ctre=153,GRAN VIA 35 36204 Vigo - Pontevedra,Agencia de viajes,,+34 986 485 402,
VIAJES HALCÓN,https://www.turismo.gal/recurso/-/detalle/280365549/viajes-halcon?langId=es_ES&tp=73&ctre=153,"R/ FRANCISCO REY RIVERO, Nº 4 0 Vilanova de Arousa - Pontevedra",Agencia de viajes,,+34 986 554 910,halcon567@halcon-viajes.es
VIAJES HALCÓN,https://www.turismo.gal/recurso/-/detalle/280377235/viajes-halcon?langId=es_ES&tp=73&ctre=153,"PAZOS FONTENLA, 47 0 Bueu - Pontevedra",Agencia de viajes,,+34 986 324 490,halcons59@halcon-viajes.es
VIAJES HALCÓN,https://www.turismo.gal/recurso/-/detalle/280383251/viajes-halcon?langId=es_ES&tp=73&ctre=153,"MARTÍN ECHEGARAY, 28 36209 Vigo - Pontevedra",Agencia de viajes,,+34 986 241 513,halconq87@halcon-viajes.es
VIAJES HALCÓN,https://www.turismo.gal/recurso/-/detalle/4273/viajes-halcon?langId=es_ES&tp=73&ctre=153,"R/ DOMINGO BUENO, 4 36400 O Porriño - Pontevedra",Agencia de viajes,,+34 986 337 641,halcon055@halcon-viajes.es
VIAJES HALCÓN,https://www.turismo.gal/recurso/-/detalle/5612/viajes-halcon?langId=es_ES&tp=73&ctre=153,"R/ WENCESLAO CALVO GARRA, 3 36500 Lalín - Pontevedra",Agencia de viajes,,+34 986 784 759,halcon422@halcon-viajes.es
VIAJES HALCÓN,https://www.turismo.gal/recurso/-/detalle/xg-po-000116/viajes-halcon?langId=es_ES&tp=73&ctre=153,"PRAZA DA INDEPENDENCIA, 3 36202 Vigo - Pontevedra",Agencia de viajes,,,
VIAJES HALCÓN,https://www.turismo.gal/recurso/-/detalle/xg-po-000383/viajes-halcon?langId=es_ES&tp=73&ctre=153,"RÚA CORUÑA, 26 0 Vigo - Pontevedra",Agencia de viajes,,,
VIAJES HALCÓN,https://www.turismo.gal/recurso/-/detalle/xg-po-000440/viajes-halcon?langId=es_ES&tp=73&ctre=153,"PRAZA SAN JOSÉ, 1 0 Pontevedra - Pontevedra",Agencia de viajes,,,
"VIAJES LIRA, S.L.",https://www.turismo.gal/recurso/-/detalle/332/viajes-lira-s.l.?langId=es_ES&tp=73&ctre=153,"ROSALÍA DE CASTRO, 42 - BAIXO 36201 Vigo - Pontevedra",Agencia de viajes,,+34 986 434 345,info@viajeslira.com
VIAJES LÚA,https://www.turismo.gal/recurso/-/detalle/33268/viajes-lua?langId=es_ES&tp=73&ctre=153,"Avenida de Marín, nº 25 36930 Bueu - Pontevedra",Agencia de viajes,,+34 986 390 049,mvmasesoriabueu@gmail.com
VIAJES LUAMAR,https://www.turismo.gal/recurso/-/detalle/315/viajes-luamar?langId=es_ES&tp=73&ctre=153,"AVDA. GARCÍA BARBÓN, 54 ENTRECHÁN A 0 Vigo - Pontevedra",Agencia de viajes,,+34 986 222 022,luamar@luamar.com
VIAJES LYLA,https://www.turismo.gal/recurso/-/detalle/280377234/viajes-lyla?langId=es_ES&tp=73&ctre=153,"ESTRADA PORTOCABEIO, 22 BAIXO 0 Redondela - Pontevedra",Agencia de viajes,,+34 986 486 458,info@viajeslyla.es
VIAJES MARGALI,https://www.turismo.gal/recurso/-/detalle/31714/viajes-margali?langId=es_ES&tp=73&ctre=153,"Calle Ecuador, nº 14 36203 Vigo - Pontevedra",Agencia de viajes,,,viajesmargali@viajesmargali.com
VIAJES MARLUSA,https://www.turismo.gal/recurso/-/detalle/xg-po-000119/viajes-marlusa?langId=es_ES&tp=73&ctre=153,"TRAVESÍA DE VIGO, 13 36206 Vigo - Pontevedra",Agencia de viajes,,,
VIAJES MILLAN,https://www.turismo.gal/recurso/-/detalle/36415/viajes-millan?langId=es_ES&tp=73&ctre=153,"CAPELA, nº 10 36636 Ribadumia - Pontevedra",Agencia de viajes,,+34 986 716 343,administracion@viajesmillan.com
VIAJES OCEANO TOURS,https://www.turismo.gal/recurso/-/detalle/250721000467/viajes-oceano-tours?langId=es_ES&tp=73,"Avenida Pizarro, nº 44 36204 Vigo - Pontevedra",Agencias de viajes,,,isaacouzandes@gmail.com
VIAJES P TRAVEL,https://www.turismo.gal/recurso/-/detalle/190403000042/viajes-p-travel?langId=es_ES&tp=73&ctre=153,Polígono industrial de Lalín 2000 - parcela P 2 - nave 3 36500 Lalín - Pontevedra,Agencia de viajes,,,info@autocarespresas.com
"VIAJES PLANSTURTUI, S.L.",https://www.turismo.gal/recurso/-/detalle/265263254/viajes-plansturtui-s.l.?langId=es_ES&tp=73&ctre=153,"Calle Calvo Sotelo, nº 20 36700 Tui - Pontevedra",Agencia de viajes,,+34 986 610 353,tui@planstur.com
VIAJES PONTUS VETERIS,https://www.turismo.gal/recurso/-/detalle/180115000108/viajes-pontus-veteris?langId=es_ES&tp=73&ctre=153,"Calle Peregrina, nº 14 36001 Pontevedra - Pontevedra",Agencia de viajes,,,viajespontusveteris@gmail.com
"VIAJES QUENLLA, S.L.",https://www.turismo.gal/recurso/-/detalle/xg-po-000080/viajes-quenlla-s.l.?langId=es_ES&tp=73&ctre=153,"Rúa Areal, nº 42 36201 Vigo - Pontevedra",Agencia de viajes,,,
VIAJES RASCADO MARÍN,https://www.turismo.gal/recurso/-/detalle/150721000102/viajes-rascado-marin?langId=es_ES&tp=73&ctre=153,"Plaza Praza de España, nº 1 36900 Marín - Pontevedra",Agencia de viajes,,+34 986 884 064,marin@viajesrascado.com
"VIAJES RASCADO, S.L.U.",https://www.turismo.gal/recurso/-/detalle/283/viajes-rascado-s.l.u.?langId=es_ES&tp=73&ctre=153,"Calle Peregrina, nº 33 36003 Pontevedra - Pontevedra",Agencia de viajes,,+34 986 853 006,administracion@viajesrascado.com
VIAJES RUTA NORTE,https://www.turismo.gal/recurso/-/detalle/211122000179/viajes-ruta-norte-?langId=es_ES&tp=73&ctre=153,,Agencia de viajes,,,viajesrutanorte@gmail.com
VIAJES SALNES,https://www.turismo.gal/recurso/-/detalle/16316/viajes-salnes?langId=es_ES&tp=73&ctre=153,"A LANZADA, nº 32 36970 Sanxenxo - Pontevedra",Agencia de viajes,,+34 986 104 824,
"VIAJES SAMPAIO, S.L.",https://www.turismo.gal/recurso/-/detalle/277/viajes-sampaio-s.l.?langId=es_ES&tp=73&ctre=153,"PEREGRINA, 6 - BAIXO 36680 A Estrada - Pontevedra",Agencia de viajes,,+34 986 570 404,
VIAJES SANTI,https://www.turismo.gal/recurso/-/detalle/170220000062/viajes-santi?langId=es_ES&tp=73&ctre=153,,Agencia de viajes,,,info@viajessanti.com
VIAJES ST SANXENXO,https://www.turismo.gal/recurso/-/detalle/35893/viajes-st-sanxenxo?langId=es_ES&tp=73&ctre=153,"CARBALLEIRA, 15 - B EDIFICIO A XUVENTUDE 36630 Cambados - Pontevedra",Agencia de viajes,,+34 986 524 520,
VIAJES SUSAVILA,https://www.turismo.gal/recurso/-/detalle/240305000066/viajes-susavila?langId=es_ES&tp=73&ctre=153,"Calle San Antón, nº 22 36680 A Estrada - Pontevedra",Agencia de viajes,,,info@viajessusavila.com
VIAJES SUSAVILA,https://www.turismo.gal/recurso/-/detalle/240507000135/viajes-susavila?langId=es_ES&tp=73&ctre=153,"Calle San Luis, nº 7 36640 Pontecesures - Pontevedra",Agencia de viajes,,,INFO@VIAJESSUSAVILA.COM
VIAJES TALIÓN,https://www.turismo.gal/recurso/-/detalle/280381194/viajes-talion?langId=es_ES&tp=73&ctre=153,"Calle José Regojo, nº 31 36800 Redondela - Pontevedra",Agencia de viajes,,+34 986 931 753,talion@viajestalion.com
VIAJES TRAVELMAKERS,https://www.turismo.gal/recurso/-/detalle/160322000126/viajes-travelmakers?langId=es_ES&tp=73&ctre=153,"GENARO BORRÁS, nº 2 36210 Vigo - Pontevedra",Agencia de viajes,,+34 986 913 051,s.martinez@travelmakers.es
VIAJES TURISTOURS,https://www.turismo.gal/recurso/-/detalle/36117/viajes-turistours?langId=es_ES&tp=73&ctre=153,"R/ Castelao, 5 baixo 36680 A Estrada - Pontevedra",Agencia de viajes,,+34 986 592 531,viaxesturistours@gmail.com
VIAJES VAL MIÑOR,https://www.turismo.gal/recurso/-/detalle/260636382/viajes-val-minor?langId=es_ES&tp=73&ctre=153,"Calle Julián Valverde, nº 31 36393 Baiona - Pontevedra",Agencia de viajes,,+34 986 386 102,info@viajesvalminor.com
VIAJES VIABUS TRAVEL,https://www.turismo.gal/recurso/-/detalle/266431627/viajes-viabus-travel?langId=es_ES&tp=73&ctre=153,SINEIRO 20 36980 O Grove - Pontevedra,Agencia de viajes,,+34 986 732 336,ventas1@viabustravel.com
VIAMAY TOURS,https://www.turismo.gal/recurso/-/detalle/261488266/viamay-tours?langId=es_ES&tp=73&ctre=153,"INFANTAS, 10, 2º 0 Cambados - Pontevedra",Agencia de viajes,,+34 986 531 902,info@viamaytours.com
VIATGES BELLVITGE,https://www.turismo.gal/recurso/-/detalle/230818000303/viatges-bellvitge?langId=es_ES&tp=73&ctre=153,,Agencia de viajes,,,viatgesbellvitge364@gmail.com
VIAXES ARCADE,https://www.turismo.gal/recurso/-/detalle/240917000258/viaxes-arcade?langId=es_ES&tp=73,"Alameda Talo Río, nº 10 36690 Soutomaior - Pontevedra",Agencias de viajes,,,diananarcisoporto@gmail.com
VIAXES ARPA GALICIA,https://www.turismo.gal/recurso/-/detalle/230905000066/viaxes-arpa-galicia?langId=es_ES&tp=73&ctre=153,"Gran Vía, nº 132 36203 Vigo - Pontevedra",Agencia de viajes,,,angela@viaxesarpa.com
VIAXES DYSA,https://www.turismo.gal/recurso/-/detalle/34421/viaxes-dysa?langId=es_ES&tp=73&ctre=153,"Jaime Janer, nº 33 36900 Marín - Pontevedra",Agencia de viajes,,+34 886 202 251,reservas@viaxesdysa.com
"VIAXES OTERO, S.L.",https://www.turismo.gal/recurso/-/detalle/275/viaxes-otero-s.l.?langId=es_ES&tp=73&ctre=153,"AVDA. VILAGARCÍA, 91 36630 Cambados - Pontevedra",Agencia de viajes,,+34 986 520 301,oteroviajes@grupoeuropa.com
VIAXES TURGALIA,https://www.turismo.gal/recurso/-/detalle/280381946/viaxes-turgalia?langId=es_ES&tp=73&ctre=153,"CALVO SOTELO, 29-33 LOCAL 3 36680 A Estrada - Pontevedra",Agencia de viajes,,+34 986 571 681,
VIBE TRAVEL DIFFERENT,https://www.turismo.gal/recurso/-/detalle/190409000136/vibe-travel-different?langId=es_ES&tp=73&ctre=153,"Calle Barcelona, nº 43 36203 Vigo - Pontevedra",Agencia de viajes,,986 192 052,info@vibeviajes.com
VIGO LINEA TOURS,https://www.turismo.gal/recurso/-/detalle/240304000041/vigo-linea-tours?langId=es_ES&tp=73&ctre=153,,Agencia de viajes,,,paolagonza13@gmail.com
VILATOURS,https://www.turismo.gal/recurso/-/detalle/190520000291/vilatours?langId=es_ES&tp=73&ctre=153,"Praza de España, nº 9 36600 Vilagarcía de Arousa - Pontevedra",Agencia de viajes,,+34 986 189 465,info@vila-tours.com
VIO VIAJES,https://www.turismo.gal/recurso/-/detalle/28954/vio-viajes?langId=es_ES&tp=73&ctre=153,"SERAFÍN AVENDAÑO, 15 36201 Vigo - Pontevedra",Agencia de viajes,,+34 986 441 678,info@vioviajes.com
VIP WAY TRAVEL,https://www.turismo.gal/recurso/-/detalle/250714000329/vip-way-travel?langId=es_ES&tp=73&ctre=153,,Agencia de viajes,,,
VIRAVOLTA VIAJES,https://www.turismo.gal/recurso/-/detalle/210811000350/viravolta-viajes?langId=es_ES&tp=73&ctre=153,,Agencia de viajes,,+34 644 050 808,MANUELA@VIRAVOLTAVIAJES.ES
VOLTA MONTANA,https://www.turismo.gal/recurso/-/detalle/190530000563/volta-montana?langId=es_ES&tp=73&ctre=153,,Agencia de viajes,,,hello@voltamontana.com
WAYSANTIYMAS,https://www.turismo.gal/recurso/-/detalle/170919000457/waysantiymas?langId=es_ES&tp=73&ctre=153,,Agencia de viajes,,,conchitabernardez@gmail.com
WELCOMECAMINO,https://www.turismo.gal/recurso/-/detalle/240729000513/welcomecamino?langId=es_ES&tp=73,,Agencias de viajes,,,welcomecamino@gmail.com
WILDGALICIA,https://www.turismo.gal/recurso/-/detalle/230417000223/wildgalicia?langId=es_ES&tp=73&ctre=153,,Agencia de viajes,,,info@galiciaecoturismo.com
WOUTICK,https://www.turismo.gal/recurso/-/detalle/180716000308/woutick?langId=es_ES&tp=73&ctre=153,,Agencia de viajes,,,admin@woutick.es
XOANIÑA VIAXES,https://www.turismo.gal/recurso/-/detalle/220111000030/xoanina-viaxes?langId=es_ES&tp=73&ctre=153,"Ramirantes, nº 28-30 36400 O Porriño - Pontevedra",Agencia de viajes,,+34 655 351 293,info@xoaninaviaxes.com
YOUR ! TRAVEL,https://www.turismo.gal/recurso/-/detalle/280382773/your-travel?langId=es_ES&tp=73&ctre=153,nº 22 36960 Sanxenxo - Pontevedra,Agencia de viajes,,+34 622 509 549,carinagarciatouriño@gmail.com
YU TRAVEL,https://www.turismo.gal/recurso/-/detalle/210429001689/yu-travel-?langId=es_ES&tp=73&ctre=153,"CLEMENCIO FERNANDEZ PULIDO , nº 2 36630 Cambados - Pontevedra",Agencia de viajes,,,jesusf.ares@yutravel.es
"ZAFIRO TOURS, S.A.",https://www.turismo.gal/recurso/-/detalle/280381887/zafiro-tours-s.a.?langId=es_ES&tp=73&ctre=153,"Rosalía de Castro, nº 1 local 7 36001 Pontevedra - Pontevedra",Agencia de viajes,,+34 986 108 369,
"ZONDA, S.L.",https://www.turismo.gal/recurso/-/detalle/280379513/zonda-s.l.?langId=es_ES&tp=73&ctre=153,"AVDA. CAMELIAS, 130, BAIXO 0 Vigo - Pontevedra",Agencia de viajes,,,
ZT 1771,https://www.turismo.gal/recurso/-/detalle/230608000267/zt-1771?langId=es_ES&tp=73&ctre=153,"MANOLO MARTÍNEZ, nº 1 36210 Vigo - Pontevedra",Agencia de viajes,,,PISCOALONSOALVAREZ@GMAIL.COM
ZT 1785,https://www.turismo.gal/recurso/-/detalle/230803000074/zt-1785?langId=es_ES&tp=73&ctre=153,"ROSALÍA DE CASTRO, nº 4 36380 Gondomar - Pontevedra",Agencia de viajes,,,GONDOMAR@ZAFIROTOURS.ES
ZT 1788,https://www.turismo.gal/recurso/-/detalle/230921000342/zt-1788?langId=es_ES&tp=73&ctre=153,"Avenida da Hispanidade, nº 82 36203 Vigo - Pontevedra",Agencia de viajes,,,vigohispanidad@zafirotours.es
ZT1638,https://www.turismo.gal/recurso/-/detalle/210611000322/zt1638?langId=es_ES&tp=73&ctre=153,"Barqueiras, nº 4 36980 O Grove - Pontevedra",Agencia de viajes,,+34 986 053 555,ogrove@zafirotours.es
ZT283,https://www.turismo.gal/recurso/-/detalle/190206000051/zt283?langId=es_ES&tp=73&ctre=153,"Calle Argentina (antigo mercadillo), nº 10 36470 Salceda de Caselas - Pontevedra",Agencia de viajes,,+34 986 343 065,salceda@zafirotours.es
